Leave_ID,Employee #,Date,Start_Time,End_Time,First Name,Last Name
10015-45385,10015,4/3/2024,8:00 AM,5:00 PM,Fredrick,Romualdez
10015-45591,10015,10/26/2024,8:00 AM,5:00 PM,Fredrick,Romualdez
10015-45474,10015,7/1/2024,8:00 AM,5:00 PM,Fredrick,Romualdez
10015-45604,10015,11/8/2024,8:00 AM,5:00 PM,Fredrick,Romualdez
10015-45470,10015,6/27/2024,8:00 AM,5:00 PM,Fredrick,Romualdez
10015-45344,10015,2/22/2024,8:00 AM,5:00 PM,Fredrick,Romualdez
10015-45583,10015,10/18/2024,8:00 AM,5:00 PM,Fredrick,Romualdez
10015-45417,10015,5/5/2024,8:00 AM,5:00 PM,Fredrick,Romualdez
10015-45651,10015,12/25/2024,8:00 AM,5:00 PM,Fredrick,Romualdez
