Leave_ID,Employee #,Date,Start_Time,End_Time,First Name,Last Name
10013-45433,10013,5/21/2024,8:00 AM,5:00 PM,Martha,Farala
10013-45300,10013,1/9/2024,8:00 AM,5:00 PM,Martha,Farala
10013-45590,10013,10/25/2024,8:00 AM,5:00 PM,Martha,Farala
10013-45490,10013,7/17/2024,8:00 AM,5:00 PM,Martha,Farala
10013-45544,10013,9/9/2024,8:00 AM,5:00 PM,Martha,Farala
10013-45379,10013,3/28/2024,8:00 AM,5:00 PM,Martha,Farala
10013-45514,10013,8/10/2024,8:00 AM,5:00 PM,Martha,Farala
10013-45628,10013,12/2/2024,8:00 AM,5:00 PM,Martha,Farala
10013-45526,10013,8/22/2024,8:00 AM,5:00 PM,Martha,Farala
