Leave_ID,Employee #,Date,Start_Time,End_Time,First Name,Last Name
10024-45313,10024,1/22/2024,8:00 AM,5:00 PM,Tomas,Del Rosario
10024-45646,10024,12/20/2024,8:00 AM,5:00 PM,Tomas,Del Rosario
10024-45552,10024,9/17/2024,8:00 AM,5:00 PM,Tomas,Del Rosario
10024-45640,10024,12/14/2024,8:00 AM,5:00 PM,Tomas,Del Rosario
10024-45604,10024,11/8/2024,8:00 AM,5:00 PM,Tomas,Del Rosario
10024-45641,10024,12/15/2024,8:00 AM,5:00 PM,Tomas,Del Rosario
10024-45368,10024,3/17/2024,8:00 AM,5:00 PM,Tomas,Del Rosario
10024-45342,10024,2/20/2024,8:00 AM,5:00 PM,Tomas,Del Rosario
10024-45394,10024,4/12/2024,8:00 AM,5:00 PM,Tomas,Del Rosario
