Leave_ID,Employee #,Date,Start_Time,End_Time,First Name,Last Name
10014-45571,10014,10/6/2024,8:00 AM,5:00 PM,Leila,Martinez
10014-45645,10014,12/19/2024,8:00 AM,5:00 PM,Leila,Martinez
10014-45317,10014,1/26/2024,8:00 AM,5:00 PM,Leila,Martinez
10014-45508,10014,8/4/2024,8:00 AM,5:00 PM,Leila,Martinez
10014-45579,10014,10/14/2024,8:00 AM,5:00 PM,Leila,Martinez
10014-45469,10014,6/26/2024,8:00 AM,5:00 PM,Leila,Martinez
10014-45570,10014,10/5/2024,8:00 AM,5:00 PM,Leila,Martinez
10014-45372,10014,3/21/2024,8:00 AM,5:00 PM,Leila,Martinez
10014-45633,10014,12/7/2024,8:00 AM,5:00 PM,Leila,Martinez
