Leave_ID,Employee #,Date,Start_Time,End_Time,First Name,Last Name
10009-45313,10009,1/22/2024,8:00 AM,5:00 PM,Rosie,Atienza
10009-45646,10009,12/20/2024,8:00 AM,5:00 PM,Rosie,Atienza
10009-45552,10009,9/17/2024,8:00 AM,5:00 PM,Rosie,Atienza
10009-45640,10009,12/14/2024,8:00 AM,5:00 PM,Rosie,Atienza
10009-45604,10009,11/8/2024,8:00 AM,5:00 PM,Rosie,Atienza
10009-45641,10009,12/15/2024,8:00 AM,5:00 PM,Rosie,Atienza
10009-45368,10009,3/17/2024,8:00 AM,5:00 PM,Rosie,Atienza
10009-45342,10009,2/20/2024,8:00 AM,5:00 PM,Rosie,Atienza
10009-45394,10009,4/12/2024,8:00 AM,5:00 PM,Rosie,Atienza
