Leave_ID,Employee #,Date,Start_Time,End_Time,First Name,Last Name
10004-45313,10004,1/22/2024,8:00 AM,5:00 PM,Isabella,Reyes
10004-45646,10004,12/20/2024,8:00 AM,5:00 PM,Isabella,Reyes
10004-45552,10004,9/17/2024,8:00 AM,5:00 PM,Isabella,Reyes
10004-45640,10004,12/14/2024,8:00 AM,5:00 PM,Isabella,Reyes
10004-45604,10004,11/8/2024,8:00 AM,5:00 PM,Isabella,Reyes
10004-45641,10004,12/15/2024,8:00 AM,5:00 PM,Isabella,Reyes
10004-45368,10004,3/17/2024,8:00 AM,5:00 PM,Isabella,Reyes
10004-45342,10004,2/20/2024,8:00 AM,5:00 PM,Isabella,Reyes
10004-45394,10004,4/12/2024,8:00 AM,5:00 PM,Isabella,Reyes
