Leave_ID,Employee #,Date,Start_Time,End_Time,First Name,Last Name
10028-45537,10028,9/2/2024,8:00 AM,5:00 PM,Lizeth,Villegas
10028-45508,10028,8/4/2024,8:00 AM,5:00 PM,Lizeth,Villegas
10028-45399,10028,4/17/2024,8:00 AM,5:00 PM,Lizeth,Villegas
10028-45545,10028,9/10/2024,8:00 AM,5:00 PM,Lizeth,Villegas
10028-45413,10028,5/1/2024,8:00 AM,5:00 PM,Lizeth,Villegas
10028-45591,10028,10/26/2024,8:00 AM,5:00 PM,Lizeth,Villegas
10028-45494,10028,7/21/2024,8:00 AM,5:00 PM,Lizeth,Villegas
10028-45635,10028,12/9/2024,8:00 AM,5:00 PM,Lizeth,Villegas
10028-45562,10028,9/27/2024,8:00 AM,5:00 PM,Lizeth,Villegas
