Leave_ID,Employee #,Date,Start_Time,End_Time,First Name,Last Name
10026-45377,10026,3/26/2024,8:00 AM,5:00 PM,Percival,Gutierrez
10026-45536,10026,9/1/2024,8:00 AM,5:00 PM,Percival,Gutierrez
10026-45540,10026,9/5/2024,8:00 AM,5:00 PM,Percival,Gutierrez
10026-45512,10026,8/8/2024,8:00 AM,5:00 PM,Percival,Gutierrez
10026-45388,10026,4/6/2024,8:00 AM,5:00 PM,Percival,Gutierrez
10026-45479,10026,7/6/2024,8:00 AM,5:00 PM,Percival,Gutierrez
10026-45512,10026,8/8/2024,8:00 AM,5:00 PM,Percival,Gutierrez
10026-45511,10026,8/7/2024,8:00 AM,5:00 PM,Percival,Gutierrez
10026-45399,10026,4/17/2024,8:00 AM,5:00 PM,Percival,Gutierrez
