Leave_ID,Employee #,Date,Start_Time,End_Time,First Name,Last Name
10032-45608,10032,11/12/2024,8:00 AM,5:00 PM,John Rafael,Castro
10032-45359,10032,3/8/2024,8:00 AM,5:00 PM,John Rafael,Castro
10032-45321,10032,1/30/2024,8:00 AM,5:00 PM,John Rafael,Castro
10032-45441,10032,5/29/2024,8:00 AM,5:00 PM,John Rafael,Castro
10032-45408,10032,4/26/2024,8:00 AM,5:00 PM,John Rafael,Castro
10032-45560,10032,9/25/2024,8:00 AM,5:00 PM,John Rafael,Castro
10032-45607,10032,11/11/2024,8:00 AM,5:00 PM,John Rafael,Castro
10032-45350,10032,2/28/2024,8:00 AM,5:00 PM,John Rafael,Castro
10032-45586,10032,10/21/2024,8:00 AM,5:00 PM,John Rafael,Castro
