Leave_ID,Employee #,Date,Start_Time,End_Time,First Name,Last Name
10022-45313,10022,1/22/2024,8:00 AM,5:00 PM,Kolby,Delos Santos
10022-45646,10022,12/20/2024,8:00 AM,5:00 PM,Kolby,Delos Santos
10022-45552,10022,9/17/2024,8:00 AM,5:00 PM,Kolby,Delos Santos
10022-45640,10022,12/14/2024,8:00 AM,5:00 PM,Kolby,Delos Santos
10022-45604,10022,11/8/2024,8:00 AM,5:00 PM,Kolby,Delos Santos
10022-45641,10022,12/15/2024,8:00 AM,5:00 PM,Kolby,Delos Santos
10022-45368,10022,3/17/2024,8:00 AM,5:00 PM,Kolby,Delos Santos
10022-45342,10022,2/20/2024,8:00 AM,5:00 PM,Kolby,Delos Santos
10022-45394,10022,4/12/2024,8:00 AM,5:00 PM,Kolby,Delos Santos
