Leave_ID,Employee #,Date,Start_Time,End_Time,First Name,Last Name
10010-45313,10010,1/22/2024,8:00 AM,5:00 PM,Alvaro,Roderick
10010-45646,10010,12/20/2024,8:00 AM,5:00 PM,Alvaro,Roderick
10010-45552,10010,9/17/2024,8:00 AM,5:00 PM,Alvaro,Roderick
10010-45640,10010,12/14/2024,8:00 AM,5:00 PM,Alvaro,Roderick
10010-45604,10010,11/8/2024,8:00 AM,5:00 PM,Alvaro,Roderick
10010-45641,10010,12/15/2024,8:00 AM,5:00 PM,Alvaro,Roderick
10010-45368,10010,3/17/2024,8:00 AM,5:00 PM,Alvaro,Roderick
10010-45342,10010,2/20/2024,8:00 AM,5:00 PM,Alvaro,Roderick
10010-45394,10010,4/12/2024,8:00 AM,5:00 PM,Alvaro,Roderick
