Leave_ID,Employee #,Date,Start_Time,End_Time,First Name,Last Name
10008-45313,10008,1/22/2024,8:00 AM,5:00 PM,Alice,Romualdez
10008-45646,10008,12/20/2024,8:00 AM,5:00 PM,Alice,Romualdez
10008-45552,10008,9/17/2024,8:00 AM,5:00 PM,Alice,Romualdez
10008-45640,10008,12/14/2024,8:00 AM,5:00 PM,Alice,Romualdez
10008-45604,10008,11/8/2024,8:00 AM,5:00 PM,Alice,Romualdez
10008-45641,10008,12/15/2024,8:00 AM,5:00 PM,Alice,Romualdez
10008-45368,10008,3/17/2024,8:00 AM,5:00 PM,Alice,Romualdez
10008-45342,10008,2/20/2024,8:00 AM,5:00 PM,Alice,Romualdez
10008-45394,10008,4/12/2024,8:00 AM,5:00 PM,Alice,Romualdez
