Leave_ID,Employee #,Date,Start_Time,End_Time,First Name,Last Name
10025-45378,10025,3/27/2024,8:00 AM,5:00 PM,Jacklyn,Tolentino
10025-45522,10025,8/18/2024,8:00 AM,5:00 PM,Jacklyn,Tolentino
10025-45514,10025,8/10/2024,8:00 AM,5:00 PM,Jacklyn,Tolentino
10025-45351,10025,2/29/2024,8:00 AM,5:00 PM,Jacklyn,Tolentino
10025-45417,10025,5/5/2024,8:00 AM,5:00 PM,Jacklyn,Tolentino
10025-45543,10025,9/8/2024,8:00 AM,5:00 PM,Jacklyn,Tolentino
10025-45481,10025,7/8/2024,8:00 AM,5:00 PM,Jacklyn,Tolentino
10025-45357,10025,3/6/2024,8:00 AM,5:00 PM,Jacklyn,Tolentino
10025-45585,10025,10/20/2024,8:00 AM,5:00 PM,Jacklyn,Tolentino
