Leave_ID,Employee #,Date,Start_Time,End_Time,First Name,Last Name
10002-45636,10002,12/10/2024,8:00 AM,5:00 PM,Antonio,Lim
10002-45524,10002,8/20/2024,8:00 AM,5:00 PM,Antonio,Lim
10002-45366,10002,3/15/2024,8:00 AM,5:00 PM,Antonio,Lim
10002-45353,10002,3/2/2024,8:00 AM,5:00 PM,Antonio,Lim
10002-45405,10002,4/23/2024,8:00 AM,5:00 PM,Antonio,Lim
10002-45332,10002,2/10/2024,8:00 AM,5:00 PM,Antonio,Lim
10002-45599,10002,11/3/2024,8:00 AM,5:00 PM,Antonio,Lim
10002-45386,10002,4/4/2024,8:00 AM,5:00 PM,Antonio,Lim
10002-45393,10002,4/11/2024,8:00 AM,5:00 PM,Antonio,Lim
