Leave_ID,Employee #,Date,Start_Time,End_Time,First Name,Last Name
10030-45313,10030,1/22/2024,8:00 AM,5:00 PM,Emelia,Maceda
10030-45646,10030,12/20/2024,8:00 AM,5:00 PM,Emelia,Maceda
10030-45552,10030,9/17/2024,8:00 AM,5:00 PM,Emelia,Maceda
10030-45640,10030,12/14/2024,8:00 AM,5:00 PM,Emelia,Maceda
10030-45604,10030,11/8/2024,8:00 AM,5:00 PM,Emelia,Maceda
10030-45641,10030,12/15/2024,8:00 AM,5:00 PM,Emelia,Maceda
10030-45368,10030,3/17/2024,8:00 AM,5:00 PM,Emelia,Maceda
10030-45342,10030,2/20/2024,8:00 AM,5:00 PM,Emelia,Maceda
10030-45394,10030,4/12/2024,8:00 AM,5:00 PM,Emelia,Maceda
