Leave_ID,Employee #,Date,Start_Time,End_Time,First Name,Last Name
10011-45313,10011,1/22/2024,8:00 AM,5:00 PM,Anthony,Salcedo
10011-45646,10011,12/20/2024,8:00 AM,5:00 PM,Anthony,Salcedo
10011-45552,10011,9/17/2024,8:00 AM,5:00 PM,Anthony,Salcedo
10011-45640,10011,12/14/2024,8:00 AM,5:00 PM,Anthony,Salcedo
10011-45604,10011,11/8/2024,8:00 AM,5:00 PM,Anthony,Salcedo
10011-45641,10011,12/15/2024,8:00 AM,5:00 PM,Anthony,Salcedo
10011-45368,10011,3/17/2024,8:00 AM,5:00 PM,Anthony,Salcedo
10011-45342,10011,2/20/2024,8:00 AM,5:00 PM,Anthony,Salcedo
10011-45394,10011,4/12/2024,8:00 AM,5:00 PM,Anthony,Salcedo
