Leave_ID,Employee #,Date,Start_Time,End_Time,First Name,Last Name
10023-45313,10023,1/22/2024,8:00 AM,5:00 PM,Vella,Santos
10023-45646,10023,12/20/2024,8:00 AM,5:00 PM,Vella,Santos
10023-45552,10023,9/17/2024,8:00 AM,5:00 PM,Vella,Santos
10023-45640,10023,12/14/2024,8:00 AM,5:00 PM,Vella,Santos
10023-45604,10023,11/8/2024,8:00 AM,5:00 PM,Vella,Santos
10023-45641,10023,12/15/2024,8:00 AM,5:00 PM,Vella,Santos
10023-45368,10023,3/17/2024,8:00 AM,5:00 PM,Vella,Santos
10023-45342,10023,2/20/2024,8:00 AM,5:00 PM,Vella,Santos
10023-45394,10023,4/12/2024,8:00 AM,5:00 PM,Vella,Santos
