Leave_ID,Employee #,Date,Start_Time,End_Time,First Name,Last Name
10005-45313,10005,1/22/2024,8:00 AM,5:00 PM,Eduard,Hernandez
10005-45646,10005,12/20/2024,8:00 AM,5:00 PM,Eduard,Hernandez
10005-45552,10005,9/17/2024,8:00 AM,5:00 PM,Eduard,Hernandez
10005-45640,10005,12/14/2024,8:00 AM,5:00 PM,Eduard,Hernandez
10005-45604,10005,11/8/2024,8:00 AM,5:00 PM,Eduard,Hernandez
10005-45641,10005,12/15/2024,8:00 AM,5:00 PM,Eduard,Hernandez
10005-45368,10005,3/17/2024,8:00 AM,5:00 PM,Eduard,Hernandez
10005-45342,10005,2/20/2024,8:00 AM,5:00 PM,Eduard,Hernandez
10005-45394,10005,4/12/2024,8:00 AM,5:00 PM,Eduard,Hernandez
