Leave_ID,Employee #,Date,Start_Time,End_Time,First Name,Last Name
10033-45642,10033,12/16/2024,8:00 AM,5:00 PM,Carlos Ian,Martinez
10033-45626,10033,11/30/2024,8:00 AM,5:00 PM,Carlos Ian,Martinez
10033-45523,10033,8/19/2024,8:00 AM,5:00 PM,Carlos Ian,Martinez
10033-45445,10033,6/2/2024,8:00 AM,5:00 PM,Carlos Ian,Martinez
10033-45337,10033,2/15/2024,8:00 AM,5:00 PM,Carlos Ian,Martinez
10033-45479,10033,7/6/2024,8:00 AM,5:00 PM,Carlos Ian,Martinez
10033-45478,10033,7/5/2024,8:00 AM,5:00 PM,Carlos Ian,Martinez
10033-45648,10033,12/22/2024,8:00 AM,5:00 PM,Carlos Ian,Martinez
10033-45424,10033,5/12/2024,8:00 AM,5:00 PM,Carlos Ian,Martinez
