Leave_ID,Employee #,Date,Start_Time,End_Time,First Name,Last Name
10003-45313,10003,1/22/2024,8:00 AM,5:00 PM,Bianca Sofia,Aquino
10003-45646,10003,12/20/2024,8:00 AM,5:00 PM,Bianca Sofia,Aquino
10003-45552,10003,9/17/2024,8:00 AM,5:00 PM,Bianca Sofia,Aquino
10003-45640,10003,12/14/2024,8:00 AM,5:00 PM,Bianca Sofia,Aquino
10003-45604,10003,11/8/2024,8:00 AM,5:00 PM,Bianca Sofia,Aquino
10003-45641,10003,12/15/2024,8:00 AM,5:00 PM,Bianca Sofia,Aquino
10003-45368,10003,3/17/2024,8:00 AM,5:00 PM,Bianca Sofia,Aquino
10003-45342,10003,2/20/2024,8:00 AM,5:00 PM,Bianca Sofia,Aquino
10003-45394,10003,4/12/2024,8:00 AM,5:00 PM,Bianca Sofia,Aquino
