Leave_ID,Employee #,Date,Start_Time,End_Time,First Name,Last Name
10031-45313,10031,1/22/2024,8:00 AM,5:00 PM,Delia,Aguilar
10031-45646,10031,12/20/2024,8:00 AM,5:00 PM,Delia,Aguilar
10031-45552,10031,9/17/2024,8:00 AM,5:00 PM,Delia,Aguilar
10031-45640,10031,12/14/2024,8:00 AM,5:00 PM,Delia,Aguilar
10031-45604,10031,11/8/2024,8:00 AM,5:00 PM,Delia,Aguilar
10031-45641,10031,12/15/2024,8:00 AM,5:00 PM,Delia,Aguilar
10031-45368,10031,3/17/2024,8:00 AM,5:00 PM,Delia,Aguilar
10031-45342,10031,2/20/2024,8:00 AM,5:00 PM,Delia,Aguilar
10031-45394,10031,4/12/2024,8:00 AM,5:00 PM,Delia,Aguilar
