Leave_ID,Employee #,Date,Start_Time,End_Time,First Name,Last Name
10006-45313,10006,1/22/2024,8:00 AM,5:00 PM,Andrea Mae,Villanueva
10006-45646,10006,12/20/2024,8:00 AM,5:00 PM,Andrea Mae,Villanueva
10006-45552,10006,9/17/2024,8:00 AM,5:00 PM,Andrea Mae,Villanueva
10006-45640,10006,12/14/2024,8:00 AM,5:00 PM,Andrea Mae,Villanueva
10006-45604,10006,11/8/2024,8:00 AM,5:00 PM,Andrea Mae,Villanueva
10006-45641,10006,12/15/2024,8:00 AM,5:00 PM,Andrea Mae,Villanueva
10006-45368,10006,3/17/2024,8:00 AM,5:00 PM,Andrea Mae,Villanueva
10006-45342,10006,2/20/2024,8:00 AM,5:00 PM,Andrea Mae,Villanueva
10006-45394,10006,4/12/2024,8:00 AM,5:00 PM,Andrea Mae,Villanueva
