Leave_ID,Employee #,Date,Start_Time,End_Time,First Name,Last Name
10019-45313,10019,1/22/2024,8:00 AM,5:00 PM,Cydney,Rosario
10019-45646,10019,12/20/2024,8:00 AM,5:00 PM,Cydney,Rosario
10019-45552,10019,9/17/2024,8:00 AM,5:00 PM,Cydney,Rosario
10019-45640,10019,12/14/2024,8:00 AM,5:00 PM,Cydney,Rosario
10019-45604,10019,11/8/2024,8:00 AM,5:00 PM,Cydney,Rosario
10019-45641,10019,12/15/2024,8:00 AM,5:00 PM,Cydney,Rosario
10019-45368,10019,3/17/2024,8:00 AM,5:00 PM,Cydney,Rosario
10019-45342,10019,2/20/2024,8:00 AM,5:00 PM,Cydney,Rosario
10019-45394,10019,4/12/2024,8:00 AM,5:00 PM,Cydney,Rosario
