Leave_ID,Employee #,Date,Start_Time,End_Time,First Name,Last Name
10012-45461,10012,6/18/2024,8:00 AM,5:00 PM,Josie,Lopez
10012-45522,10012,8/18/2024,8:00 AM,5:00 PM,Josie,Lopez
10012-45347,10012,2/25/2024,8:00 AM,5:00 PM,Josie,Lopez
10012-45635,10012,12/9/2024,8:00 AM,5:00 PM,Josie,Lopez
10012-45375,10012,3/24/2024,8:00 AM,5:00 PM,Josie,Lopez
10012-45425,10012,5/13/2024,8:00 AM,5:00 PM,Josie,Lopez
10012-45356,10012,3/5/2024,8:00 AM,5:00 PM,Josie,Lopez
10012-45530,10012,8/26/2024,8:00 AM,5:00 PM,Josie,Lopez
10012-45602,10012,11/6/2024,8:00 AM,5:00 PM,Josie,Lopez
