Leave_ID,Employee #,Date,Start_Time,End_Time,First Name,Last Name
10016-45313,10016,1/22/2024,8:00 AM,5:00 PM,Christian,Mata
10016-45646,10016,12/20/2024,8:00 AM,5:00 PM,Christian,Mata
10016-45552,10016,9/17/2024,8:00 AM,5:00 PM,Christian,Mata
10016-45640,10016,12/14/2024,8:00 AM,5:00 PM,Christian,Mata
10016-45604,10016,11/8/2024,8:00 AM,5:00 PM,Christian,Mata
10016-45641,10016,12/15/2024,8:00 AM,5:00 PM,Christian,Mata
10016-45368,10016,3/17/2024,8:00 AM,5:00 PM,Christian,Mata
10016-45342,10016,2/20/2024,8:00 AM,5:00 PM,Christian,Mata
10016-45394,10016,4/12/2024,8:00 AM,5:00 PM,Christian,Mata
