Leave_ID,Employee #,Date,Start_Time,End_Time,First Name,Last Name
10007-45313,10007,1/22/2024,8:00 AM,5:00 PM,Brad,San Jose
10007-45646,10007,12/20/2024,8:00 AM,5:00 PM,Brad,San Jose
10007-45552,10007,9/17/2024,8:00 AM,5:00 PM,Brad,San Jose
10007-45640,10007,12/14/2024,8:00 AM,5:00 PM,Brad,San Jose
10007-45604,10007,11/8/2024,8:00 AM,5:00 PM,Brad,San Jose
10007-45641,10007,12/15/2024,8:00 AM,5:00 PM,Brad,San Jose
10007-45368,10007,3/17/2024,8:00 AM,5:00 PM,Brad,San Jose
10007-45342,10007,2/20/2024,8:00 AM,5:00 PM,Brad,San Jose
10007-45394,10007,4/12/2024,8:00 AM,5:00 PM,Brad,San Jose
