Leave_ID,Employee #,Date,Start_Time,End_Time,First Name,Last Name
10027-45552,10027,9/17/2024,8:00 AM,5:00 PM,Garfield,Manalaysay
10027-45336,10027,2/14/2024,8:00 AM,5:00 PM,Garfield,Manalaysay
10027-45613,10027,11/17/2024,8:00 AM,5:00 PM,Garfield,Manalaysay
10027-45489,10027,7/16/2024,8:00 AM,5:00 PM,Garfield,Manalaysay
10027-45626,10027,11/30/2024,8:00 AM,5:00 PM,Garfield,Manalaysay
10027-45353,10027,3/2/2024,8:00 AM,5:00 PM,Garfield,Manalaysay
10027-45401,10027,4/19/2024,8:00 AM,5:00 PM,Garfield,Manalaysay
10027-45365,10027,3/14/2024,8:00 AM,5:00 PM,Garfield,Manalaysay
10027-45427,10027,5/15/2024,8:00 AM,5:00 PM,Garfield,Manalaysay
