Leave_ID,Employee #,Date,Start_Time,End_Time,First Name,Last Name
10020-45313,10020,1/22/2024,8:00 AM,5:00 PM,Mark,Bautista
10020-45646,10020,12/20/2024,8:00 AM,5:00 PM,Mark,Bautista
10020-45552,10020,9/17/2024,8:00 AM,5:00 PM,Mark,Bautista
10020-45640,10020,12/14/2024,8:00 AM,5:00 PM,Mark,Bautista
10020-45604,10020,11/8/2024,8:00 AM,5:00 PM,Mark,Bautista
10020-45641,10020,12/15/2024,8:00 AM,5:00 PM,Mark,Bautista
10020-45368,10020,3/17/2024,8:00 AM,5:00 PM,Mark,Bautista
10020-45342,10020,2/20/2024,8:00 AM,5:00 PM,Mark,Bautista
10020-45394,10020,4/12/2024,8:00 AM,5:00 PM,Mark,Bautista
