Leave_ID,Employee #,Date,Start_Time,End_Time,First Name,Last Name
10001-45447,10001,6/4/2024,8:00 AM,5:00 PM,Manuel III,Garcia
10001-45301,10001,1/10/2024,8:00 AM,5:00 PM,Manuel III,Garcia
10001-45347,10001,2/25/2024,8:00 AM,5:00 PM,Manuel III,Garcia
10001-45583,10001,10/18/2024,8:00 AM,5:00 PM,Manuel III,Garcia
10001-45655,10001,12/29/2024,8:00 AM,5:00 PM,Manuel III,Garcia
10001-45475,10001,7/2/2024,8:00 AM,5:00 PM,Manuel III,Garcia
10001-45299,10001,1/8/2024,8:00 AM,5:00 PM,Manuel III,Garcia
10001-45297,10001,1/6/2024,8:00 AM,5:00 PM,Manuel III,Garcia
