Leave_ID,Employee #,Date,Log In,Log Out,First Name,Last Name
10029-45367,10029,3/16/2024,8:00 AM,5:00 PM,Carol,Ramos
10029-45330,10029,2/8/2024,8:00 AM,5:00 PM,Carol,Ramos
10029-45389,10029,4/7/2024,8:00 AM,5:00 PM,Carol,Ramos
10029-45330,10029,2/8/2024,8:00 AM,5:00 PM,Carol,Ramos
10029-45476,10029,7/3/2024,8:00 AM,5:00 PM,Carol,Ramos
10029-45626,10029,11/30/2024,8:00 AM,5:00 PM,Carol,Ramos
10029-45411,10029,4/29/2024,8:00 AM,5:00 PM,Carol,Ramos
10029-45590,10029,10/25/2024,8:00 AM,5:00 PM,Carol,Ramos
10029-45361,10029,3/10/2024,8:00 AM,5:00 PM,Carol,Ramos
