Attendance_ID,Employee #,Date,Log In,Log Out,First Name,Last Name
10001-45446,10001,6/3/2024,8:59 AM,6:31 PM,Manuel III,Garcia
10001-45447,10001,6/4/2024,9:47 AM,7:07 PM,Manuel III,Garcia
10001-45448,10001,6/5/2024,10:57 AM,9:32 PM,Manuel III,Garcia
10001-45449,10001,6/6/2024,9:32 AM,7:15 PM,Manuel III,Garcia
10001-45450,10001,6/7/2024,9:46 AM,7:15 PM,Manuel III,Garcia
10001-45453,10001,6/10/2024,9:10 AM,6:36 PM,Manuel III,Garcia
10001-45454,10001,6/11/2024,10:30 AM,8:53 PM,Manuel III,Garcia
10001-45455,10001,6/12/2024,8:37 AM,6:25 PM,Manuel III,Garcia
10001-45456,10001,6/13/2024,8:24 AM,7:20 PM,Manuel III,Garcia
10001-45457,10001,6/14/2024,9:28 AM,7:24 PM,Manuel III,Garcia
10001-45460,10001,6/17/2024,9:07 AM,7:10 PM,Manuel III,Garcia
10001-45461,10001,6/18/2024,8:32 AM,6:35 PM,Manuel III,Garcia
10001-45462,10001,6/19/2024,9:05 AM,6:30 PM,Manuel III,Garcia
10001-45463,10001,6/20/2024,9:07 AM,8:01 PM,Manuel III,Garcia
10001-45464,10001,6/21/2024,8:19 AM,3:24 PM,Manuel III,Garcia
10001-45467,10001,6/24/2024,10:26 AM,7:43 PM,Manuel III,Garcia
10001-45468,10001,6/25/2024,9:52 AM,5:12 PM,Manuel III,Garcia
10001-45469,10001,6/26/2024,8:23 AM,6:51 PM,Manuel III,Garcia
10001-45470,10001,6/27/2024,8:46 AM,4:09 PM,Manuel III,Garcia
10001-45471,10001,6/28/2024,9:07 AM,6:28 PM,Manuel III,Garcia
10001-45474,10001,7/1/2024,9:15 AM,7:17 PM,Manuel III,Garcia
10001-45475,10001,7/2/2024,9:33 AM,7:06 PM,Manuel III,Garcia
10001-45476,10001,7/3/2024,10:43 AM,7:29 PM,Manuel III,Garcia
10001-45477,10001,7/4/2024,8:15 AM,6:26 PM,Manuel III,Garcia
10001-45478,10001,7/5/2024,8:00 AM,4:29 PM,Manuel III,Garcia
10001-45481,10001,7/8/2024,8:32 AM,4:59 PM,Manuel III,Garcia
10001-45482,10001,7/9/2024,9:46 AM,6:46 PM,Manuel III,Garcia
10001-45483,10001,7/10/2024,9:02 AM,5:37 PM,Manuel III,Garcia
10001-45484,10001,7/11/2024,10:57 AM,9:16 PM,Manuel III,Garcia
10001-45485,10001,7/12/2024,8:48 AM,5:32 PM,Manuel III,Garcia
10001-45488,10001,7/15/2024,10:02 AM,8:52 PM,Manuel III,Garcia
10001-45489,10001,7/16/2024,9:52 AM,7:24 PM,Manuel III,Garcia
10001-45490,10001,7/17/2024,10:37 AM,7:25 PM,Manuel III,Garcia
10001-45491,10001,7/18/2024,10:10 AM,6:44 PM,Manuel III,Garcia
10001-45492,10001,7/19/2024,10:41 AM,6:38 PM,Manuel III,Garcia
10001-45495,10001,7/22/2024,8:28 AM,6:15 PM,Manuel III,Garcia
10001-45496,10001,7/23/2024,10:54 AM,8:03 PM,Manuel III,Garcia
10001-45497,10001,7/24/2024,8:46 AM,5:42 PM,Manuel III,Garcia
10001-45498,10001,7/25/2024,10:25 AM,9:00 PM,Manuel III,Garcia
10001-45499,10001,7/26/2024,10:52 AM,6:25 PM,Manuel III,Garcia
10001-45502,10001,7/29/2024,8:11 AM,6:48 PM,Manuel III,Garcia
10001-45503,10001,7/30/2024,8:04 AM,5:00 PM,Manuel III,Garcia
10001-45504,10001,7/31/2024,9:52 AM,6:05 PM,Manuel III,Garcia
10001-45505,10001,8/1/2024,10:08 AM,6:21 PM,Manuel III,Garcia
10001-45506,10001,8/2/2024,10:30 AM,8:48 PM,Manuel III,Garcia
10001-45509,10001,8/5/2024,8:01 AM,6:19 PM,Manuel III,Garcia
10001-45510,10001,8/6/2024,10:01 AM,5:37 PM,Manuel III,Garcia
10001-45511,10001,8/7/2024,9:21 AM,5:17 PM,Manuel III,Garcia
10001-45512,10001,8/8/2024,9:15 AM,4:54 PM,Manuel III,Garcia
10001-45513,10001,8/9/2024,9:35 AM,5:16 PM,Manuel III,Garcia
10001-45516,10001,8/12/2024,9:56 AM,6:02 PM,Manuel III,Garcia
10001-45517,10001,8/13/2024,8:34 AM,7:00 PM,Manuel III,Garcia
10001-45518,10001,8/14/2024,9:59 AM,7:51 PM,Manuel III,Garcia
10001-45519,10001,8/15/2024,9:41 AM,5:24 PM,Manuel III,Garcia
10001-45520,10001,8/16/2024,9:46 AM,7:13 PM,Manuel III,Garcia
10001-45523,10001,8/19/2024,10:46 AM,6:08 PM,Manuel III,Garcia
10001-45524,10001,8/20/2024,8:15 AM,4:12 PM,Manuel III,Garcia
10001-45525,10001,8/21/2024,8:56 AM,4:56 PM,Manuel III,Garcia
10001-45526,10001,8/22/2024,9:33 AM,7:48 PM,Manuel III,Garcia
10001-45527,10001,8/23/2024,8:25 AM,4:27 PM,Manuel III,Garcia
10001-45530,10001,8/26/2024,10:12 AM,8:48 PM,Manuel III,Garcia
10001-45531,10001,8/27/2024,9:08 AM,7:12 PM,Manuel III,Garcia
10001-45532,10001,8/28/2024,10:20 AM,6:35 PM,Manuel III,Garcia
10001-45533,10001,8/29/2024,8:07 AM,6:00 PM,Manuel III,Garcia
10001-45534,10001,8/30/2024,8:45 AM,6:35 PM,Manuel III,Garcia
10001-45537,10001,9/2/2024,10:31 AM,8:13 PM,Manuel III,Garcia
10001-45538,10001,9/3/2024,10:49 AM,7:10 PM,Manuel III,Garcia
10001-45539,10001,9/4/2024,9:53 AM,6:13 PM,Manuel III,Garcia
10001-45540,10001,9/5/2024,8:07 AM,5:24 PM,Manuel III,Garcia
10001-45541,10001,9/6/2024,8:04 AM,6:25 PM,Manuel III,Garcia
10001-45544,10001,9/9/2024,10:33 AM,5:50 PM,Manuel III,Garcia
10001-45545,10001,9/10/2024,10:51 AM,8:42 PM,Manuel III,Garcia
10001-45546,10001,9/11/2024,9:40 AM,6:52 PM,Manuel III,Garcia
10001-45547,10001,9/12/2024,9:56 AM,5:02 PM,Manuel III,Garcia
10001-45548,10001,9/13/2024,8:25 AM,5:20 PM,Manuel III,Garcia
10001-45551,10001,9/16/2024,8:25 AM,5:02 PM,Manuel III,Garcia
10001-45552,10001,9/17/2024,8:17 AM,4:22 PM,Manuel III,Garcia
10001-45553,10001,9/18/2024,8:22 AM,3:29 PM,Manuel III,Garcia
10001-45554,10001,9/19/2024,10:32 AM,9:12 PM,Manuel III,Garcia
10001-45555,10001,9/20/2024,8:38 AM,7:05 PM,Manuel III,Garcia
10001-45558,10001,9/23/2024,10:51 AM,6:04 PM,Manuel III,Garcia
10001-45559,10001,9/24/2024,8:39 AM,5:13 PM,Manuel III,Garcia
10001-45560,10001,9/25/2024,9:35 AM,5:55 PM,Manuel III,Garcia
10001-45561,10001,9/26/2024,9:55 AM,7:04 PM,Manuel III,Garcia
10001-45562,10001,9/27/2024,8:00 AM,4:58 PM,Manuel III,Garcia
10001-45565,10001,9/30/2024,8:33 AM,5:21 PM,Manuel III,Garcia
10001-45566,10001,10/1/2024,10:06 AM,7:27 PM,Manuel III,Garcia
10001-45567,10001,10/2/2024,8:14 AM,6:13 PM,Manuel III,Garcia
10001-45568,10001,10/3/2024,8:02 AM,3:11 PM,Manuel III,Garcia
10001-45569,10001,10/4/2024,8:29 AM,5:37 PM,Manuel III,Garcia
10001-45572,10001,10/7/2024,10:18 AM,8:25 PM,Manuel III,Garcia
10001-45573,10001,10/8/2024,9:12 AM,7:45 PM,Manuel III,Garcia
10001-45574,10001,10/9/2024,8:04 AM,4:46 PM,Manuel III,Garcia
10001-45575,10001,10/10/2024,10:44 AM,7:06 PM,Manuel III,Garcia
10001-45576,10001,10/11/2024,8:57 AM,4:34 PM,Manuel III,Garcia
10001-45579,10001,10/14/2024,10:20 AM,8:42 PM,Manuel III,Garcia
10001-45580,10001,10/15/2024,10:46 AM,8:28 PM,Manuel III,Garcia
10001-45581,10001,10/16/2024,10:27 AM,7:52 PM,Manuel III,Garcia
10001-45582,10001,10/17/2024,9:10 AM,7:19 PM,Manuel III,Garcia
10001-45583,10001,10/18/2024,8:20 AM,6:57 PM,Manuel III,Garcia
10001-45586,10001,10/21/2024,10:07 AM,5:55 PM,Manuel III,Garcia
10001-45587,10001,10/22/2024,8:52 AM,4:51 PM,Manuel III,Garcia
10001-45588,10001,10/23/2024,10:20 AM,6:13 PM,Manuel III,Garcia
10001-45589,10001,10/24/2024,10:23 AM,7:25 PM,Manuel III,Garcia
10001-45590,10001,10/25/2024,10:06 AM,7:22 PM,Manuel III,Garcia
10001-45593,10001,10/28/2024,9:56 AM,8:49 PM,Manuel III,Garcia
10001-45594,10001,10/29/2024,8:51 AM,5:49 PM,Manuel III,Garcia
10001-45595,10001,10/30/2024,10:40 AM,6:54 PM,Manuel III,Garcia
10001-45596,10001,10/31/2024,8:27 AM,5:48 PM,Manuel III,Garcia
10001-45597,10001,11/1/2024,9:34 AM,6:30 PM,Manuel III,Garcia
10001-45600,10001,11/4/2024,8:47 AM,4:13 PM,Manuel III,Garcia
10001-45601,10001,11/5/2024,10:41 AM,8:15 PM,Manuel III,Garcia
10001-45602,10001,11/6/2024,10:59 AM,9:20 PM,Manuel III,Garcia
10001-45603,10001,11/7/2024,8:36 AM,6:33 PM,Manuel III,Garcia
10001-45604,10001,11/8/2024,9:11 AM,4:49 PM,Manuel III,Garcia
10001-45607,10001,11/11/2024,10:00 AM,5:54 PM,Manuel III,Garcia
10001-45608,10001,11/12/2024,10:01 AM,7:00 PM,Manuel III,Garcia
10001-45609,10001,11/13/2024,10:15 AM,5:54 PM,Manuel III,Garcia
10001-45610,10001,11/14/2024,9:26 AM,4:43 PM,Manuel III,Garcia
10001-45611,10001,11/15/2024,9:52 AM,5:47 PM,Manuel III,Garcia
10001-45614,10001,11/18/2024,10:50 AM,7:45 PM,Manuel III,Garcia
10001-45615,10001,11/19/2024,9:37 AM,5:07 PM,Manuel III,Garcia
10001-45616,10001,11/20/2024,8:12 AM,4:45 PM,Manuel III,Garcia
10001-45617,10001,11/21/2024,9:58 AM,7:16 PM,Manuel III,Garcia
10001-45618,10001,11/22/2024,10:00 AM,7:07 PM,Manuel III,Garcia
10001-45621,10001,11/25/2024,9:28 AM,7:51 PM,Manuel III,Garcia
10001-45622,10001,11/26/2024,8:25 AM,7:21 PM,Manuel III,Garcia
10001-45623,10001,11/27/2024,9:57 AM,8:19 PM,Manuel III,Garcia
10001-45624,10001,11/28/2024,10:18 AM,8:09 PM,Manuel III,Garcia
10001-45625,10001,11/29/2024,10:35 AM,9:12 PM,Manuel III,Garcia
10001-45628,10001,12/2/2024,8:45 AM,4:43 PM,Manuel III,Garcia
10001-45629,10001,12/3/2024,8:07 AM,6:51 PM,Manuel III,Garcia
10001-45630,10001,12/4/2024,10:49 AM,6:57 PM,Manuel III,Garcia
10001-45631,10001,12/5/2024,9:12 AM,4:52 PM,Manuel III,Garcia
10001-45632,10001,12/6/2024,10:37 AM,8:43 PM,Manuel III,Garcia
10001-45635,10001,12/9/2024,8:40 AM,6:16 PM,Manuel III,Garcia
10001-45636,10001,12/10/2024,9:36 AM,4:39 PM,Manuel III,Garcia
10001-45637,10001,12/11/2024,10:12 AM,5:24 PM,Manuel III,Garcia
10001-45638,10001,12/12/2024,9:07 AM,7:44 PM,Manuel III,Garcia
10001-45639,10001,12/13/2024,10:33 AM,7:51 PM,Manuel III,Garcia
10001-45642,10001,12/16/2024,9:47 AM,6:58 PM,Manuel III,Garcia
10001-45643,10001,12/17/2024,8:15 AM,4:11 PM,Manuel III,Garcia
10001-45644,10001,12/18/2024,8:03 AM,6:35 PM,Manuel III,Garcia
10001-45645,10001,12/19/2024,8:12 AM,3:22 PM,Manuel III,Garcia
10001-45646,10001,12/20/2024,9:29 AM,8:10 PM,Manuel III,Garcia
10001-45649,10001,12/23/2024,9:42 AM,6:39 PM,Manuel III,Garcia
10001-45650,10001,12/24/2024,8:03 AM,3:54 PM,Manuel III,Garcia
10001-45651,10001,12/25/2024,9:52 AM,8:38 PM,Manuel III,Garcia
10001-45652,10001,12/26/2024,8:29 AM,6:52 PM,Manuel III,Garcia
10001-45653,10001,12/27/2024,10:14 AM,7:00 PM,Manuel III,Garcia
10001-45656,10001,12/30/2024,9:29 AM,6:21 PM,Manuel III,Garcia
10001-45657,10001,12/31/2024,9:27 AM,6:30 PM,Manuel III,Garcia
