Attendance_ID,Employee #,Date,Log In,Log Out,First Name,Last Name
10032-45446,10032,6/3/2024,8:29 AM,4:46 PM,John Rafael,Castro
10032-45447,10032,6/4/2024,8:48 AM,4:36 PM,John Rafael,Castro
10032-45448,10032,6/5/2024,10:33 AM,7:11 PM,John Rafael,Castro
10032-45449,10032,6/6/2024,10:24 AM,8:21 PM,John Rafael,Castro
10032-45450,10032,6/7/2024,8:52 AM,7:40 PM,John Rafael,Castro
10032-45453,10032,6/10/2024,10:13 AM,8:59 PM,John Rafael,Castro
10032-45454,10032,6/11/2024,9:11 AM,5:52 PM,John Rafael,Castro
10032-45455,10032,6/12/2024,9:16 AM,7:11 PM,John Rafael,Castro
10032-45456,10032,6/13/2024,9:00 AM,6:18 PM,John Rafael,Castro
10032-45457,10032,6/14/2024,10:40 AM,8:16 PM,John Rafael,Castro
10032-45460,10032,6/17/2024,10:52 AM,6:42 PM,John Rafael,Castro
10032-45461,10032,6/18/2024,10:16 AM,5:23 PM,John Rafael,Castro
10032-45462,10032,6/19/2024,9:39 AM,6:08 PM,John Rafael,Castro
10032-45463,10032,6/20/2024,9:17 AM,5:17 PM,John Rafael,Castro
10032-45464,10032,6/21/2024,9:48 AM,8:29 PM,John Rafael,Castro
10032-45467,10032,6/24/2024,8:04 AM,4:14 PM,John Rafael,Castro
10032-45468,10032,6/25/2024,8:28 AM,4:24 PM,John Rafael,Castro
10032-45469,10032,6/26/2024,10:50 AM,9:40 PM,John Rafael,Castro
10032-45470,10032,6/27/2024,8:09 AM,3:56 PM,John Rafael,Castro
10032-45471,10032,6/28/2024,10:41 AM,8:39 PM,John Rafael,Castro
10032-45474,10032,7/1/2024,10:06 AM,5:54 PM,John Rafael,Castro
10032-45475,10032,7/2/2024,9:55 AM,7:47 PM,John Rafael,Castro
10032-45476,10032,7/3/2024,10:35 AM,6:09 PM,John Rafael,Castro
10032-45477,10032,7/4/2024,9:20 AM,5:22 PM,John Rafael,Castro
10032-45478,10032,7/5/2024,9:02 AM,6:57 PM,John Rafael,Castro
10032-45481,10032,7/8/2024,8:31 AM,4:09 PM,John Rafael,Castro
10032-45482,10032,7/9/2024,9:38 AM,6:29 PM,John Rafael,Castro
10032-45483,10032,7/10/2024,9:50 AM,8:05 PM,John Rafael,Castro
10032-45484,10032,7/11/2024,9:38 AM,5:33 PM,John Rafael,Castro
10032-45485,10032,7/12/2024,9:21 AM,5:04 PM,John Rafael,Castro
10032-45488,10032,7/15/2024,10:41 AM,8:40 PM,John Rafael,Castro
10032-45489,10032,7/16/2024,8:11 AM,6:25 PM,John Rafael,Castro
10032-45490,10032,7/17/2024,8:27 AM,6:47 PM,John Rafael,Castro
10032-45491,10032,7/18/2024,8:45 AM,7:18 PM,John Rafael,Castro
10032-45492,10032,7/19/2024,9:25 AM,7:02 PM,John Rafael,Castro
10032-45495,10032,7/22/2024,9:30 AM,5:45 PM,John Rafael,Castro
10032-45496,10032,7/23/2024,10:43 AM,8:24 PM,John Rafael,Castro
10032-45497,10032,7/24/2024,10:12 AM,8:47 PM,John Rafael,Castro
10032-45498,10032,7/25/2024,9:01 AM,4:03 PM,John Rafael,Castro
10032-45499,10032,7/26/2024,8:31 AM,4:19 PM,John Rafael,Castro
10032-45502,10032,7/29/2024,9:12 AM,6:13 PM,John Rafael,Castro
10032-45503,10032,7/30/2024,9:22 AM,4:23 PM,John Rafael,Castro
10032-45504,10032,7/31/2024,9:43 AM,8:11 PM,John Rafael,Castro
10032-45505,10032,8/1/2024,8:30 AM,7:08 PM,John Rafael,Castro
10032-45506,10032,8/2/2024,9:02 AM,6:51 PM,John Rafael,Castro
10032-45509,10032,8/5/2024,10:44 AM,8:45 PM,John Rafael,Castro
10032-45510,10032,8/6/2024,10:49 AM,9:05 PM,John Rafael,Castro
10032-45511,10032,8/7/2024,8:45 AM,4:21 PM,John Rafael,Castro
10032-45512,10032,8/8/2024,10:16 AM,6:47 PM,John Rafael,Castro
10032-45513,10032,8/9/2024,8:26 AM,4:52 PM,John Rafael,Castro
10032-45516,10032,8/12/2024,9:05 AM,4:26 PM,John Rafael,Castro
10032-45517,10032,8/13/2024,9:20 AM,4:51 PM,John Rafael,Castro
10032-45518,10032,8/14/2024,9:26 AM,7:18 PM,John Rafael,Castro
10032-45519,10032,8/15/2024,8:00 AM,3:49 PM,John Rafael,Castro
10032-45520,10032,8/16/2024,9:04 AM,7:10 PM,John Rafael,Castro
10032-45523,10032,8/19/2024,8:24 AM,7:20 PM,John Rafael,Castro
10032-45524,10032,8/20/2024,8:02 AM,5:05 PM,John Rafael,Castro
10032-45525,10032,8/21/2024,9:41 AM,5:41 PM,John Rafael,Castro
10032-45526,10032,8/22/2024,8:28 AM,5:30 PM,John Rafael,Castro
10032-45527,10032,8/23/2024,10:31 AM,7:20 PM,John Rafael,Castro
10032-45530,10032,8/26/2024,8:01 AM,4:51 PM,John Rafael,Castro
10032-45531,10032,8/27/2024,10:11 AM,5:29 PM,John Rafael,Castro
10032-45532,10032,8/28/2024,8:56 AM,5:44 PM,John Rafael,Castro
10032-45533,10032,8/29/2024,9:00 AM,4:26 PM,John Rafael,Castro
10032-45534,10032,8/30/2024,8:22 AM,4:55 PM,John Rafael,Castro
10032-45537,10032,9/2/2024,9:15 AM,8:05 PM,John Rafael,Castro
10032-45538,10032,9/3/2024,8:36 AM,6:54 PM,John Rafael,Castro
10032-45539,10032,9/4/2024,10:29 AM,8:44 PM,John Rafael,Castro
10032-45540,10032,9/5/2024,10:19 AM,7:30 PM,John Rafael,Castro
10032-45541,10032,9/6/2024,9:32 AM,6:22 PM,John Rafael,Castro
10032-45544,10032,9/9/2024,8:05 AM,4:37 PM,John Rafael,Castro
10032-45545,10032,9/10/2024,8:01 AM,4:13 PM,John Rafael,Castro
10032-45546,10032,9/11/2024,10:10 AM,6:15 PM,John Rafael,Castro
10032-45547,10032,9/12/2024,10:52 AM,6:14 PM,John Rafael,Castro
10032-45548,10032,9/13/2024,10:01 AM,7:28 PM,John Rafael,Castro
10032-45551,10032,9/16/2024,9:23 AM,7:37 PM,John Rafael,Castro
10032-45552,10032,9/17/2024,9:58 AM,8:17 PM,John Rafael,Castro
10032-45553,10032,9/18/2024,10:43 AM,6:10 PM,John Rafael,Castro
10032-45554,10032,9/19/2024,10:05 AM,7:13 PM,John Rafael,Castro
10032-45555,10032,9/20/2024,8:47 AM,3:50 PM,John Rafael,Castro
10032-45558,10032,9/23/2024,8:09 AM,5:20 PM,John Rafael,Castro
10032-45559,10032,9/24/2024,8:55 AM,6:22 PM,John Rafael,Castro
10032-45560,10032,9/25/2024,8:40 AM,4:13 PM,John Rafael,Castro
10032-45561,10032,9/26/2024,8:19 AM,6:14 PM,John Rafael,Castro
10032-45562,10032,9/27/2024,9:37 AM,5:39 PM,John Rafael,Castro
10032-45565,10032,9/30/2024,9:05 AM,4:18 PM,John Rafael,Castro
10032-45566,10032,10/1/2024,10:16 AM,6:01 PM,John Rafael,Castro
10032-45567,10032,10/2/2024,8:50 AM,6:31 PM,John Rafael,Castro
10032-45568,10032,10/3/2024,8:55 AM,5:14 PM,John Rafael,Castro
10032-45569,10032,10/4/2024,8:55 AM,4:49 PM,John Rafael,Castro
10032-45572,10032,10/7/2024,8:39 AM,5:17 PM,John Rafael,Castro
10032-45573,10032,10/8/2024,10:14 AM,6:25 PM,John Rafael,Castro
10032-45574,10032,10/9/2024,9:38 AM,5:44 PM,John Rafael,Castro
10032-45575,10032,10/10/2024,8:59 AM,4:31 PM,John Rafael,Castro
10032-45576,10032,10/11/2024,10:33 AM,8:07 PM,John Rafael,Castro
10032-45579,10032,10/14/2024,8:25 AM,4:58 PM,John Rafael,Castro
10032-45580,10032,10/15/2024,9:31 AM,8:10 PM,John Rafael,Castro
10032-45581,10032,10/16/2024,9:32 AM,5:35 PM,John Rafael,Castro
10032-45582,10032,10/17/2024,8:13 AM,7:11 PM,John Rafael,Castro
10032-45583,10032,10/18/2024,8:11 AM,5:22 PM,John Rafael,Castro
10032-45586,10032,10/21/2024,9:16 AM,7:56 PM,John Rafael,Castro
10032-45587,10032,10/22/2024,8:32 AM,7:18 PM,John Rafael,Castro
10032-45588,10032,10/23/2024,9:27 AM,5:07 PM,John Rafael,Castro
10032-45589,10032,10/24/2024,9:19 AM,4:43 PM,John Rafael,Castro
10032-45590,10032,10/25/2024,8:24 AM,6:42 PM,John Rafael,Castro
10032-45593,10032,10/28/2024,9:14 AM,7:21 PM,John Rafael,Castro
10032-45594,10032,10/29/2024,9:07 AM,6:25 PM,John Rafael,Castro
10032-45595,10032,10/30/2024,9:58 AM,8:14 PM,John Rafael,Castro
10032-45596,10032,10/31/2024,10:23 AM,7:02 PM,John Rafael,Castro
10032-45597,10032,11/1/2024,10:48 AM,9:08 PM,John Rafael,Castro
10032-45600,10032,11/4/2024,9:04 AM,7:36 PM,John Rafael,Castro
10032-45601,10032,11/5/2024,10:51 AM,6:49 PM,John Rafael,Castro
10032-45602,10032,11/6/2024,8:00 AM,3:01 PM,John Rafael,Castro
10032-45603,10032,11/7/2024,10:12 AM,7:43 PM,John Rafael,Castro
10032-45604,10032,11/8/2024,8:35 AM,6:08 PM,John Rafael,Castro
10032-45607,10032,11/11/2024,9:24 AM,8:21 PM,John Rafael,Castro
10032-45608,10032,11/12/2024,9:13 AM,7:23 PM,John Rafael,Castro
10032-45609,10032,11/13/2024,9:34 AM,5:27 PM,John Rafael,Castro
10032-45610,10032,11/14/2024,10:03 AM,7:23 PM,John Rafael,Castro
10032-45611,10032,11/15/2024,10:46 AM,8:34 PM,John Rafael,Castro
10032-45614,10032,11/18/2024,9:37 AM,6:02 PM,John Rafael,Castro
10032-45615,10032,11/19/2024,10:51 AM,8:55 PM,John Rafael,Castro
10032-45616,10032,11/20/2024,8:41 AM,4:31 PM,John Rafael,Castro
10032-45617,10032,11/21/2024,10:04 AM,7:48 PM,John Rafael,Castro
10032-45618,10032,11/22/2024,9:15 AM,5:26 PM,John Rafael,Castro
10032-45621,10032,11/25/2024,8:13 AM,5:18 PM,John Rafael,Castro
10032-45622,10032,11/26/2024,9:06 AM,5:58 PM,John Rafael,Castro
10032-45623,10032,11/27/2024,10:52 AM,8:24 PM,John Rafael,Castro
10032-45624,10032,11/28/2024,10:28 AM,8:56 PM,John Rafael,Castro
10032-45625,10032,11/29/2024,9:47 AM,6:30 PM,John Rafael,Castro
10032-45628,10032,12/2/2024,9:19 AM,6:38 PM,John Rafael,Castro
10032-45629,10032,12/3/2024,8:58 AM,4:00 PM,John Rafael,Castro
10032-45630,10032,12/4/2024,8:50 AM,4:08 PM,John Rafael,Castro
10032-45631,10032,12/5/2024,9:17 AM,7:03 PM,John Rafael,Castro
10032-45632,10032,12/6/2024,10:31 AM,8:08 PM,John Rafael,Castro
10032-45635,10032,12/9/2024,8:54 AM,4:34 PM,John Rafael,Castro
10032-45636,10032,12/10/2024,8:04 AM,5:12 PM,John Rafael,Castro
10032-45637,10032,12/11/2024,10:57 AM,9:47 PM,John Rafael,Castro
10032-45638,10032,12/12/2024,9:26 AM,6:38 PM,John Rafael,Castro
10032-45639,10032,12/13/2024,10:40 AM,7:05 PM,John Rafael,Castro
10032-45642,10032,12/16/2024,8:10 AM,5:22 PM,John Rafael,Castro
10032-45643,10032,12/17/2024,9:08 AM,4:10 PM,John Rafael,Castro
10032-45644,10032,12/18/2024,10:20 AM,5:44 PM,John Rafael,Castro
10032-45645,10032,12/19/2024,8:32 AM,3:41 PM,John Rafael,Castro
10032-45646,10032,12/20/2024,10:55 AM,9:49 PM,John Rafael,Castro
10032-45649,10032,12/23/2024,10:27 AM,5:47 PM,John Rafael,Castro
10032-45650,10032,12/24/2024,10:36 AM,8:23 PM,John Rafael,Castro
10032-45651,10032,12/25/2024,8:14 AM,3:27 PM,John Rafael,Castro
10032-45652,10032,12/26/2024,9:33 AM,5:52 PM,John Rafael,Castro
10032-45653,10032,12/27/2024,8:09 AM,6:56 PM,John Rafael,Castro
10032-45656,10032,12/30/2024,9:19 AM,4:24 PM,John Rafael,Castro
10032-45657,10032,12/31/2024,9:07 AM,7:30 PM,John Rafael,Castro
