Attendance_ID,Employee #,Date,Log In,Log Out,First Name,Last Name
10024-45446,10024,6/3/2024,9:16 AM,5:57 PM,Tomas,Del Rosario
10024-45447,10024,6/4/2024,8:35 AM,6:14 PM,Tomas,Del Rosario
10024-45448,10024,6/5/2024,9:19 AM,7:00 PM,Tomas,Del Rosario
10024-45449,10024,6/6/2024,10:00 AM,7:11 PM,Tomas,Del Rosario
10024-45450,10024,6/7/2024,9:56 AM,4:59 PM,Tomas,Del Rosario
10024-45453,10024,6/10/2024,10:08 AM,7:10 PM,Tomas,Del Rosario
10024-45454,10024,6/11/2024,9:49 AM,5:56 PM,Tomas,Del Rosario
10024-45455,10024,6/12/2024,10:05 AM,6:59 PM,Tomas,Del Rosario
10024-45456,10024,6/13/2024,10:53 AM,6:33 PM,Tomas,Del Rosario
10024-45457,10024,6/14/2024,10:32 AM,8:01 PM,Tomas,Del Rosario
10024-45460,10024,6/17/2024,9:26 AM,7:41 PM,Tomas,Del Rosario
10024-45461,10024,6/18/2024,9:34 AM,6:17 PM,Tomas,Del Rosario
10024-45462,10024,6/19/2024,8:08 AM,4:53 PM,Tomas,Del Rosario
10024-45463,10024,6/20/2024,8:51 AM,6:43 PM,Tomas,Del Rosario
10024-45464,10024,6/21/2024,8:23 AM,4:10 PM,Tomas,Del Rosario
10024-45467,10024,6/24/2024,8:38 AM,6:05 PM,Tomas,Del Rosario
10024-45468,10024,6/25/2024,8:34 AM,5:45 PM,Tomas,Del Rosario
10024-45469,10024,6/26/2024,9:03 AM,6:18 PM,Tomas,Del Rosario
10024-45470,10024,6/27/2024,8:49 AM,7:37 PM,Tomas,Del Rosario
10024-45471,10024,6/28/2024,8:43 AM,5:44 PM,Tomas,Del Rosario
10024-45474,10024,7/1/2024,9:08 AM,6:44 PM,Tomas,Del Rosario
10024-45475,10024,7/2/2024,9:34 AM,5:42 PM,Tomas,Del Rosario
10024-45476,10024,7/3/2024,8:47 AM,4:20 PM,Tomas,Del Rosario
10024-45477,10024,7/4/2024,10:25 AM,9:15 PM,Tomas,Del Rosario
10024-45478,10024,7/5/2024,8:23 AM,6:20 PM,Tomas,Del Rosario
10024-45481,10024,7/8/2024,10:44 AM,5:51 PM,Tomas,Del Rosario
10024-45482,10024,7/9/2024,8:23 AM,4:04 PM,Tomas,Del Rosario
10024-45483,10024,7/10/2024,8:38 AM,7:30 PM,Tomas,Del Rosario
10024-45484,10024,7/11/2024,9:52 AM,7:54 PM,Tomas,Del Rosario
10024-45485,10024,7/12/2024,10:22 AM,6:32 PM,Tomas,Del Rosario
10024-45488,10024,7/15/2024,10:36 AM,6:52 PM,Tomas,Del Rosario
10024-45489,10024,7/16/2024,9:44 AM,6:28 PM,Tomas,Del Rosario
10024-45490,10024,7/17/2024,8:48 AM,6:21 PM,Tomas,Del Rosario
10024-45491,10024,7/18/2024,9:33 AM,7:38 PM,Tomas,Del Rosario
10024-45492,10024,7/19/2024,8:38 AM,7:37 PM,Tomas,Del Rosario
10024-45495,10024,7/22/2024,10:59 AM,6:46 PM,Tomas,Del Rosario
10024-45496,10024,7/23/2024,9:48 AM,5:43 PM,Tomas,Del Rosario
10024-45497,10024,7/24/2024,9:40 AM,7:06 PM,Tomas,Del Rosario
10024-45498,10024,7/25/2024,9:29 AM,7:31 PM,Tomas,Del Rosario
10024-45499,10024,7/26/2024,10:37 AM,6:55 PM,Tomas,Del Rosario
10024-45502,10024,7/29/2024,8:25 AM,7:15 PM,Tomas,Del Rosario
10024-45503,10024,7/30/2024,8:55 AM,5:56 PM,Tomas,Del Rosario
10024-45504,10024,7/31/2024,9:51 AM,8:27 PM,Tomas,Del Rosario
10024-45505,10024,8/1/2024,9:17 AM,4:35 PM,Tomas,Del Rosario
10024-45506,10024,8/2/2024,10:43 AM,8:27 PM,Tomas,Del Rosario
10024-45509,10024,8/5/2024,10:42 AM,9:28 PM,Tomas,Del Rosario
10024-45510,10024,8/6/2024,10:22 AM,8:46 PM,Tomas,Del Rosario
10024-45511,10024,8/7/2024,9:35 AM,6:00 PM,Tomas,Del Rosario
10024-45512,10024,8/8/2024,10:55 AM,9:13 PM,Tomas,Del Rosario
10024-45513,10024,8/9/2024,10:12 AM,8:29 PM,Tomas,Del Rosario
10024-45516,10024,8/12/2024,10:31 AM,9:01 PM,Tomas,Del Rosario
10024-45517,10024,8/13/2024,10:23 AM,6:34 PM,Tomas,Del Rosario
10024-45518,10024,8/14/2024,8:55 AM,4:54 PM,Tomas,Del Rosario
10024-45519,10024,8/15/2024,9:28 AM,7:21 PM,Tomas,Del Rosario
10024-45520,10024,8/16/2024,10:16 AM,7:35 PM,Tomas,Del Rosario
10024-45523,10024,8/19/2024,9:11 AM,5:22 PM,Tomas,Del Rosario
10024-45524,10024,8/20/2024,8:43 AM,7:28 PM,Tomas,Del Rosario
10024-45525,10024,8/21/2024,9:42 AM,7:43 PM,Tomas,Del Rosario
10024-45526,10024,8/22/2024,10:32 AM,8:18 PM,Tomas,Del Rosario
10024-45527,10024,8/23/2024,10:02 AM,8:01 PM,Tomas,Del Rosario
10024-45530,10024,8/26/2024,9:45 AM,4:53 PM,Tomas,Del Rosario
10024-45531,10024,8/27/2024,10:02 AM,7:06 PM,Tomas,Del Rosario
10024-45532,10024,8/28/2024,9:19 AM,4:22 PM,Tomas,Del Rosario
10024-45533,10024,8/29/2024,8:33 AM,5:45 PM,Tomas,Del Rosario
10024-45534,10024,8/30/2024,10:06 AM,5:22 PM,Tomas,Del Rosario
10024-45537,10024,9/2/2024,8:31 AM,5:17 PM,Tomas,Del Rosario
10024-45538,10024,9/3/2024,10:07 AM,5:26 PM,Tomas,Del Rosario
10024-45539,10024,9/4/2024,10:19 AM,7:19 PM,Tomas,Del Rosario
10024-45540,10024,9/5/2024,10:06 AM,7:47 PM,Tomas,Del Rosario
10024-45541,10024,9/6/2024,8:55 AM,5:03 PM,Tomas,Del Rosario
10024-45544,10024,9/9/2024,8:23 AM,4:12 PM,Tomas,Del Rosario
10024-45545,10024,9/10/2024,9:40 AM,7:59 PM,Tomas,Del Rosario
10024-45546,10024,9/11/2024,9:11 AM,4:51 PM,Tomas,Del Rosario
10024-45547,10024,9/12/2024,8:12 AM,3:19 PM,Tomas,Del Rosario
10024-45548,10024,9/13/2024,8:34 AM,3:55 PM,Tomas,Del Rosario
10024-45551,10024,9/16/2024,9:27 AM,8:08 PM,Tomas,Del Rosario
10024-45552,10024,9/17/2024,8:43 AM,6:04 PM,Tomas,Del Rosario
10024-45553,10024,9/18/2024,10:39 AM,8:21 PM,Tomas,Del Rosario
10024-45554,10024,9/19/2024,9:12 AM,6:21 PM,Tomas,Del Rosario
10024-45555,10024,9/20/2024,8:15 AM,6:10 PM,Tomas,Del Rosario
10024-45558,10024,9/23/2024,9:05 AM,6:23 PM,Tomas,Del Rosario
10024-45559,10024,9/24/2024,8:02 AM,6:41 PM,Tomas,Del Rosario
10024-45560,10024,9/25/2024,8:50 AM,6:47 PM,Tomas,Del Rosario
10024-45561,10024,9/26/2024,9:03 AM,6:40 PM,Tomas,Del Rosario
10024-45562,10024,9/27/2024,9:08 AM,6:50 PM,Tomas,Del Rosario
10024-45565,10024,9/30/2024,9:45 AM,8:28 PM,Tomas,Del Rosario
10024-45566,10024,10/1/2024,8:47 AM,6:11 PM,Tomas,Del Rosario
10024-45567,10024,10/2/2024,10:15 AM,5:48 PM,Tomas,Del Rosario
10024-45568,10024,10/3/2024,9:35 AM,6:02 PM,Tomas,Del Rosario
10024-45569,10024,10/4/2024,8:05 AM,5:40 PM,Tomas,Del Rosario
10024-45572,10024,10/7/2024,8:56 AM,5:25 PM,Tomas,Del Rosario
10024-45573,10024,10/8/2024,8:57 AM,7:41 PM,Tomas,Del Rosario
10024-45574,10024,10/9/2024,9:54 AM,5:47 PM,Tomas,Del Rosario
10024-45575,10024,10/10/2024,8:33 AM,4:26 PM,Tomas,Del Rosario
10024-45576,10024,10/11/2024,10:00 AM,6:00 PM,Tomas,Del Rosario
10024-45579,10024,10/14/2024,9:57 AM,8:05 PM,Tomas,Del Rosario
10024-45580,10024,10/15/2024,8:26 AM,3:29 PM,Tomas,Del Rosario
10024-45581,10024,10/16/2024,9:59 AM,7:52 PM,Tomas,Del Rosario
10024-45582,10024,10/17/2024,10:27 AM,7:34 PM,Tomas,Del Rosario
10024-45583,10024,10/18/2024,8:09 AM,5:05 PM,Tomas,Del Rosario
10024-45586,10024,10/21/2024,10:32 AM,8:57 PM,Tomas,Del Rosario
10024-45587,10024,10/22/2024,9:57 AM,5:32 PM,Tomas,Del Rosario
10024-45588,10024,10/23/2024,8:41 AM,3:49 PM,Tomas,Del Rosario
10024-45589,10024,10/24/2024,9:54 AM,5:51 PM,Tomas,Del Rosario
10024-45590,10024,10/25/2024,10:04 AM,5:04 PM,Tomas,Del Rosario
10024-45593,10024,10/28/2024,8:58 AM,7:35 PM,Tomas,Del Rosario
10024-45594,10024,10/29/2024,8:08 AM,5:21 PM,Tomas,Del Rosario
10024-45595,10024,10/30/2024,9:18 AM,6:14 PM,Tomas,Del Rosario
10024-45596,10024,10/31/2024,8:18 AM,6:58 PM,Tomas,Del Rosario
10024-45597,10024,11/1/2024,10:24 AM,8:07 PM,Tomas,Del Rosario
10024-45600,10024,11/4/2024,8:11 AM,6:42 PM,Tomas,Del Rosario
10024-45601,10024,11/5/2024,10:34 AM,5:45 PM,Tomas,Del Rosario
10024-45602,10024,11/6/2024,9:08 AM,7:23 PM,Tomas,Del Rosario
10024-45603,10024,11/7/2024,10:08 AM,7:23 PM,Tomas,Del Rosario
10024-45604,10024,11/8/2024,9:53 AM,8:13 PM,Tomas,Del Rosario
10024-45607,10024,11/11/2024,8:04 AM,4:02 PM,Tomas,Del Rosario
10024-45608,10024,11/12/2024,9:06 AM,4:08 PM,Tomas,Del Rosario
10024-45609,10024,11/13/2024,8:01 AM,5:27 PM,Tomas,Del Rosario
10024-45610,10024,11/14/2024,9:53 AM,8:04 PM,Tomas,Del Rosario
10024-45611,10024,11/15/2024,8:32 AM,4:53 PM,Tomas,Del Rosario
10024-45614,10024,11/18/2024,9:08 AM,5:55 PM,Tomas,Del Rosario
10024-45615,10024,11/19/2024,10:12 AM,5:27 PM,Tomas,Del Rosario
10024-45616,10024,11/20/2024,9:36 AM,5:45 PM,Tomas,Del Rosario
10024-45617,10024,11/21/2024,10:31 AM,5:44 PM,Tomas,Del Rosario
10024-45618,10024,11/22/2024,8:31 AM,4:01 PM,Tomas,Del Rosario
10024-45621,10024,11/25/2024,9:30 AM,7:41 PM,Tomas,Del Rosario
10024-45622,10024,11/26/2024,8:59 AM,6:52 PM,Tomas,Del Rosario
10024-45623,10024,11/27/2024,10:49 AM,7:50 PM,Tomas,Del Rosario
10024-45624,10024,11/28/2024,8:57 AM,4:41 PM,Tomas,Del Rosario
10024-45625,10024,11/29/2024,9:52 AM,6:33 PM,Tomas,Del Rosario
10024-45628,10024,12/2/2024,9:52 AM,7:23 PM,Tomas,Del Rosario
10024-45629,10024,12/3/2024,10:15 AM,5:30 PM,Tomas,Del Rosario
10024-45630,10024,12/4/2024,8:58 AM,4:32 PM,Tomas,Del Rosario
10024-45631,10024,12/5/2024,10:55 AM,6:14 PM,Tomas,Del Rosario
10024-45632,10024,12/6/2024,8:04 AM,5:29 PM,Tomas,Del Rosario
10024-45635,10024,12/9/2024,8:05 AM,6:24 PM,Tomas,Del Rosario
10024-45636,10024,12/10/2024,9:17 AM,6:51 PM,Tomas,Del Rosario
10024-45637,10024,12/11/2024,9:23 AM,7:56 PM,Tomas,Del Rosario
10024-45638,10024,12/12/2024,10:25 AM,8:29 PM,Tomas,Del Rosario
10024-45639,10024,12/13/2024,9:46 AM,4:50 PM,Tomas,Del Rosario
10024-45642,10024,12/16/2024,10:37 AM,6:10 PM,Tomas,Del Rosario
10024-45643,10024,12/17/2024,8:01 AM,3:13 PM,Tomas,Del Rosario
10024-45644,10024,12/18/2024,10:35 AM,5:57 PM,Tomas,Del Rosario
10024-45645,10024,12/19/2024,10:08 AM,7:51 PM,Tomas,Del Rosario
10024-45646,10024,12/20/2024,9:36 AM,5:17 PM,Tomas,Del Rosario
10024-45649,10024,12/23/2024,10:26 AM,6:54 PM,Tomas,Del Rosario
10024-45650,10024,12/24/2024,8:46 AM,4:02 PM,Tomas,Del Rosario
10024-45651,10024,12/25/2024,8:11 AM,6:24 PM,Tomas,Del Rosario
10024-45652,10024,12/26/2024,10:23 AM,7:41 PM,Tomas,Del Rosario
10024-45653,10024,12/27/2024,9:03 AM,4:40 PM,Tomas,Del Rosario
10024-45656,10024,12/30/2024,9:54 AM,7:11 PM,Tomas,Del Rosario
10024-45657,10024,12/31/2024,9:07 AM,7:47 PM,Tomas,Del Rosario
